{
  "loss": 0.0013433365384116769,
  "val_loss": 0.0008607404888607562,
  "epoch": 9,
  "global_step": 540
}