{
  "loss": 0.0005142299924045801,
  "val_loss": 0.00013823881454300135,
  "epoch": 9,
  "global_step": 2180
}