{
  "loss": 0.0009854263626039028,
  "val_loss": 0.00018195623124483973,
  "epoch": 3,
  "global_step": 872
}