{
  "loss": 0.0006494948174804449,
  "val_loss": 0.0001674702944001183,
  "epoch": 6,
  "global_step": 1526
}