{
  "loss": 9.537942969473079e-05,
  "val_loss": 6.211220170371234e-05,
  "epoch": 27,
  "global_step": 6104
}