{
  "loss": 0.001769767259247601,
  "val_loss": 0.0002606353082228452,
  "epoch": 1,
  "global_step": 436
}