{
  "loss": 0.0002609142102301121,
  "val_loss": 0.00011048995656892657,
  "epoch": 3,
  "global_step": 872
}